{"cameraMode":{"drawMode":0,"name":"Shaded","section":"Shading Mode"},"sceneLighting":true,"audioPlay":false,"sceneViewState":{"showFog":false,"showMaterialUpdate":false,"showSkybox":true,"showFlares":false,"showImageEffects":false,"showParticleSystems":true},"in2DMode":false,"pivot":{"x":711.6317138671875,"y":597.8861083984375,"z":-389.9202880859375},"rotation":{"x":0.018305975943803788,"y":0.01649165153503418,"z":-0.00030367294675670564,"w":0.9997003674507141},"size":922.0496215820313,"orthographic":false}