{"cameraMode":{"drawMode":0,"name":"Shaded","section":"Shading Mode"},"sceneLighting":true,"audioPlay":false,"sceneViewState":{"showFog":false,"showMaterialUpdate":false,"showSkybox":true,"showFlares":false,"showImageEffects":false,"showParticleSystems":true},"in2DMode":false,"pivot":{"x":640.8319091796875,"y":571.9111328125,"z":-124.32659912109375},"rotation":{"x":-0.21755334734916688,"y":0.004975208546966314,"z":-0.001108921249397099,"w":-0.976036787033081},"size":969.5106201171875,"orthographic":false}