{"cameraMode":{"drawMode":0,"name":"Shaded","section":"Shading Mode"},"sceneLighting":false,"audioPlay":false,"sceneViewState":{"showFog":false,"showMaterialUpdate":true,"showSkybox":false,"showFlares":false,"showImageEffects":true,"showParticleSystems":true},"in2DMode":false,"pivot":{"x":2.049457550048828,"y":-2.4648189544677736,"z":3.6369643211364748},"rotation":{"x":-0.23637880384922028,"y":0.7182487845420837,"z":-0.28922033309936526,"w":-0.5870224833488464},"size":78.70259857177735,"orthographic":false}