{"cameraMode":{"drawMode":0,"name":"Shaded","section":"Shading Mode"},"sceneLighting":false,"audioPlay":false,"sceneViewState":{"showFog":false,"showMaterialUpdate":false,"showSkybox":false,"showFlares":false,"showImageEffects":false,"showParticleSystems":false},"in2DMode":false,"pivot":{"x":-0.7643289566040039,"y":-0.002600431442260742,"z":0.8541684150695801},"rotation":{"x":0.15825602412223817,"y":-0.030503856018185617,"z":0.004891403019428253,"w":0.9869146943092346},"size":7.380868911743164,"orthographic":false}