{"cameraMode":{"drawMode":0,"name":"Shaded","section":"Shading Mode"},"sceneLighting":true,"audioPlay":false,"sceneViewState":{"showFog":false,"showMaterialUpdate":false,"showSkybox":false,"showFlares":false,"showImageEffects":false,"showParticleSystems":false},"in2DMode":false,"pivot":{"x":191.89378356933595,"y":198.35574340820313,"z":-11.38134765625},"rotation":{"x":-0.2836044728755951,"y":-0.03250780329108238,"z":0.009620657190680504,"w":-0.9583419561386108},"size":450.3293762207031,"orthographic":false}