{"cameraMode":{"drawMode":0,"name":"Shaded","section":"Shading Mode"},"sceneLighting":false,"audioPlay":false,"sceneViewState":{"showFog":false,"showMaterialUpdate":true,"showSkybox":false,"showFlares":false,"showImageEffects":true,"showParticleSystems":true},"in2DMode":false,"pivot":{"x":3.3864190578460695,"y":-2.7325825691223146,"z":2.4888172149658205},"rotation":{"x":-0.001957861240953207,"y":0.7577061057090759,"z":-0.6525891423225403,"w":-0.0022729970514774324},"size":22.0,"orthographic":false}