{"cameraMode":{"drawMode":0,"name":"Shaded","section":"Shading Mode"},"sceneLighting":false,"audioPlay":false,"sceneViewState":{"showFog":false,"showMaterialUpdate":true,"showSkybox":false,"showFlares":false,"showImageEffects":true,"showParticleSystems":true},"in2DMode":false,"pivot":{"x":1.4232301712036133,"y":-0.7284841537475586,"z":0.19263672828674317},"rotation":{"x":-0.1927579641342163,"y":0.7711755037307739,"z":-0.2747988998889923,"w":-0.5409420728683472},"size":22.0,"orthographic":false}