{"cameraMode":{"drawMode":0,"name":"Shaded","section":"Shading Mode"},"sceneLighting":false,"audioPlay":false,"sceneViewState":{"showFog":false,"showMaterialUpdate":false,"showSkybox":true,"showFlares":false,"showImageEffects":false,"showParticleSystems":true},"in2DMode":false,"pivot":{"x":-1.2425734996795655,"y":3.726346492767334,"z":0.886721134185791},"rotation":{"x":0.4954218566417694,"y":0.29665520787239077,"z":-0.18474194407463075,"w":0.795292317867279},"size":2.8578836917877199,"orthographic":false}