{"cameraMode":{"drawMode":0,"name":"Shaded","section":"Shading Mode"},"sceneLighting":false,"audioPlay":false,"sceneViewState":{"showFog":false,"showMaterialUpdate":false,"showSkybox":false,"showFlares":false,"showImageEffects":false,"showParticleSystems":true},"in2DMode":false,"pivot":{"x":0.4920610189437866,"y":-0.21666455268859864,"z":-0.41538572311401369},"rotation":{"x":-0.5045160055160523,"y":0.07928884029388428,"z":-0.046596262603998187,"w":-0.858491063117981},"size":4.957821369171143,"orthographic":false}