{"cameraMode":{"drawMode":0,"name":"Shaded","section":"Shading Mode"},"sceneLighting":true,"audioPlay":false,"sceneViewState":{"showFog":true,"showMaterialUpdate":false,"showSkybox":true,"showFlares":true,"showImageEffects":true,"showParticleSystems":true},"in2DMode":false,"pivot":{"x":-3.831427574157715,"y":-1.3802833557128907,"z":1.9805545806884766},"rotation":{"x":-0.25803428888320925,"y":0.31229519844055178,"z":-0.08855542540550232,"w":-0.9099717140197754},"size":8.181549072265625,"orthographic":false}