{"cameraMode":{"drawMode":0,"name":"Shaded","section":"Shading Mode"},"sceneLighting":true,"audioPlay":false,"sceneViewState":{"showFog":false,"showMaterialUpdate":false,"showSkybox":false,"showFlares":false,"showImageEffects":false,"showParticleSystems":false},"in2DMode":false,"pivot":{"x":1.165008783340454,"y":2.1510329246520998,"z":0.686271071434021},"rotation":{"x":0.20001785457134248,"y":-0.16427336633205415,"z":0.03406311199069023,"w":0.9653604030609131},"size":2.0857882499694826,"orthographic":false}